Media_Total,Coeficiente,Introducao_a_Programacao,Estrutura_de_Dados,Introducao_a_Programacao_Aprovado,Estrutura_de_Dados_Aprovado,Desempenho
6.748437084986726,6.623780344905662,2.291808021858588,1.4924192506616274,0,0,Médio
8.842321805234086,9.331187267521509,9.554134745669945,7.201337850012148,1,1,Bem
8.567444110682008,8.323023021354889,2.9592943332255697,5.498499138572574,0,0,Bem
7.3934843885161055,6.675645951642189,9.38851211858817,0.20936414739059273,1,0,Mal
6.836497692419605,7.064244047951144,7.004154226531318,6.315824293301482,1,1,Médio
7.017674203170987,6.530065335139767,8.402351708659019,4.795993785710242,1,0,Médio
7.681866675776877,7.36573311491412,6.844777794178285,3.4331467420847184,1,0,Bem
7.35256212371735,6.283863427021314,1.3514190768917433,1.1640627680715843,0,0,Médio
6.7614484146996245,8.099493135004515,5.703527405296411,4.096939317366653,0,0,Médio
7.1487503403816035,6.096619103743368,5.67175235896676,5.345565294366295,0,0,Médio
6.4159475928849385,6.268541608587733,4.1207943192969605,0.10120223999051103,0,0,Mal
9.41831328075233,8.083293263820867,8.584265476966106,1.6538410858812214,1,0,Bem
5.912879603552219,5.548706538517002,6.276177033854782,3.145215190492634,1,0,Mal
8.418956755154126,9.97957813581187,9.982872682863949,6.800732700119782,1,1,Bem
8.265172607709463,7.6303511293047155,4.625095140529299,1.482014430354378,0,0,Bem
7.66430659936505,6.534069311659309,6.624588543328322,7.499829182254283,1,1,Bem
5.698958721979651,5.7928012365961115,4.8198586315321625,2.9437815159162826,0,0,Mal
8.029584719881928,6.491897210381307,8.230316125155735,4.402110982689203,1,0,Bem
9.735641750067597,11.360940896318908,3.764467845014472,7.201426735871342,0,1,Bem
9.633776900672167,10.918935421925717,5.800145055267403,1.25197355628331,0,0,Bem
9.049076154067802,7.6869972651048055,0.37681950890041116,7.261191672495469,0,1,Mal
5.305931919245505,4.521129871278243,9.391441280789476,2.1969665830402,1,0,Mal
6.294598005962659,5.820217671286695,5.208612596220198,4.00649315654192,0,0,Médio
8.554436265880987,9.437930462764243,4.3611032355404244,7.693558674774721,0,1,Bem
6.909753237553575,6.8896753963699835,3.697926204945603,9.519292060760403,0,1,Médio
7.2897248127647325,7.758296452039728,3.8211942062446247,7.374649536850562,0,1,Médio
7.700146887940713,8.323820944025911,5.501225664004066,5.355484493630259,0,0,Bem
7.735539730153915,8.357308573817674,8.219732302599603,9.082610802158564,1,1,Bem
6.39942532110112,7.055102507194388,0.9753100711794682,7.181041417180812,0,1,Médio
7.225555515930617,6.158153857517379,6.552254698248269,8.406430785780811,1,1,Médio
9.005681226758078,7.627337721785254,8.031674501735207,0.7934298130463413,1,0,Bem
5.53570693627621,4.550563423120023,5.395903942976555,2.457943072465473,0,0,Mal
8.19909283389431,8.857466043783527,2.782014666931861,4.186390185847234,0,0,Bem
9.652336202237187,10.900598958029418,4.3398446103877495,7.331310237717127,0,1,Bem
9.605074791125242,11.260476148181601,3.948640406651384,7.006690023032344,0,1,Bem
5.175933073661724,4.820468601201051,3.357471009291426,2.811799729579235,0,0,Mal
9.1703191502109,10.131539924242453,9.967301466357412,6.45466606026161,1,1,Bem
7.867139340917047,8.764670449862802,5.1575234978047755,0.6452228979298757,0,0,Médio
7.232426704574616,6.559769605165677,4.390859512453594,9.501316773789823,0,1,Médio
5.174581274804203,4.838363899388702,6.443226774633487,3.820652935454482,1,0,Mal
5.438534230499419,5.231252379259408,4.473888017234305,2.059663896271886,0,0,Mal
6.320697198929983,5.288374313061951,8.635733173522565,1.7286280433026169,1,0,Médio
7.5717492196489875,7.974379501193786,7.5714032443731725,1.0145666430195588,1,0,Bem
6.023323475120507,6.986205597655416,7.956791802941127,4.711105252626977,1,0,Médio
9.032939188451984,7.5359636200499756,3.420953762280244,1.4771281402819125,0,0,Bem
5.678292923923738,5.570255908245603,4.836083748122512,0.09631852688412712,0,0,Mal
5.0369163375564945,4.162921737926407,3.077712210801933,1.6897543272844506,0,0,Mal
9.312971619184877,10.546303573322469,3.7693317060497797,2.971024993662803,0,0,Bem
5.935654815903334,5.461352022118517,5.836480794027831,9.021260478836842,0,1,Mal
5.653883299760179,6.055267140844481,7.575642818320162,0.9874562087613425,1,0,Mal
5.437006257667219,4.5567018852274375,4.174921434890388,4.640704721389075,0,0,Mal
5.1205842720011825,5.0027608663877965,9.336543371221811,5.382896806735871,1,0,Mal
5.125686546679616,4.162715085415738,9.867821459341245,1.0449481276478267,1,0,Mal
6.101278720947558,5.419997694123041,3.8756545549114643,9.540377942706105,0,1,Médio
8.12190783014962,7.459386878547848,0.5343419675448635,2.523768904191975,0,0,Mal
6.579129803556926,5.833980536648335,2.2235190383560566,6.63700494241338,0,1,Médio
9.791778329263565,8.953689249081794,7.350591271397514,8.396470114258838,1,1,Bem
8.090984253005885,8.474682441173002,9.27621425751633,2.710502700040245,1,0,Bem
9.659650440518707,8.383734824517393,4.343360265824387,2.90835635033319,0,0,Bem
6.052812715697797,5.596922692562387,1.5997694629441006,6.216154262661973,0,1,Médio
5.124468777741887,4.484754284901406,7.7125381055859155,9.936833147901602,1,1,Mal
9.406710961952058,9.940403329630355,8.279551372726667,6.698817380043764,1,1,Bem
5.515300808204092,6.249654592950485,9.145250445467756,9.25485581950048,1,1,Mal
5.684349380779798,5.319416255971838,4.1570036819447544,2.6254411039968595,0,0,Mal
9.23597429351599,8.5817052976687,7.958367270124635,9.854433831409002,1,1,Bem
5.822678531275149,5.090013052882756,0.458024733443424,7.3698709987647675,0,1,Mal
7.21167827231651,7.675665220104219,6.862868174560711,9.905320867651835,1,1,Médio
9.570753881123352,11.148875664899268,8.20188367830087,3.2956407783316877,1,0,Bem
5.5361056616761,6.428514925117877,6.97818775446051,3.9418205427690314,1,0,Mal
6.192129757881459,7.060067742046644,9.813425337901968,9.531447674718365,1,1,Médio
8.445666827072117,7.610488856534898,7.064407418036371,8.338828313790891,1,1,Bem
5.050415051573005,4.847413292199359,3.011373332717721,5.019245899324348,0,0,Mal
9.516519702570008,10.820155466799816,9.097227076027426,0.20860146200993857,1,0,Mal
7.490166558327491,7.76963825287375,8.402690683625583,8.119706515611353,1,1,Médio
6.756322798738779,5.688396041854756,2.7262606992722196,5.12602155488127,0,0,Médio
5.03874468819738,5.322009265275107,5.942217368575969,8.699855400979713,0,1,Mal
5.2633197278203125,6.1313042508561235,0.822175145640307,8.329982017273062,0,1,Mal
7.281299315442192,6.2075023290082285,0.6280796569462788,1.5899866766685211,0,0,Médio
8.422033422960133,7.574407904160152,1.4033982368146747,8.359024763900681,0,1,Bem
8.257079748614203,9.40829699595677,6.201824927557401,4.145517223516829,1,0,Bem
8.3234356973078,7.942015065957673,0.850609044741496,4.786950968999081,0,0,Bem
7.75050315960052,8.022298808808289,0.06660312776195276,0.7688421940544732,0,0,Mal
9.300027217995904,10.799669343455095,5.505000511608541,9.600113483133889,0,1,Bem
9.094555289218697,8.527956165879944,2.452740229543011,8.07382733469855,0,1,Bem
8.171649391260225,8.484235832377346,5.268459886386787,2.283411092070403,0,0,Bem
8.974700707048857,9.89869170570059,1.4494253857343808,5.704445314481836,0,0,Bem
7.399178978868271,6.942972726876186,2.2882434227579673,5.953250302485587,0,0,Médio
7.915157189207866,6.843383687775653,0.585231321135401,2.456563859158416,0,0,Mal
8.431743374273148,10.050018137784619,1.4669178476162248,9.976012879745905,0,1,Bem
5.001401451278673,4.191039483391078,9.308892397710743,9.199969628183759,1,1,Mal
5.50024855519029,4.524340580735095,5.84342117163485,5.570740822971887,0,0,Mal
6.263818071517406,5.958435177710968,0.6334962434139335,6.556483053904664,0,1,Médio
9.973120416815274,11.787623740516102,1.6562979032191494,5.0034882724834535,0,0,Bem
8.36429000938488,7.425831379706813,4.993849667099692,5.328715380855665,0,0,Bem
9.69134969506458,7.836260196194531,6.778540767440604,2.1977136241738204,1,0,Bem
5.598684640217126,5.602441672437132,0.4205077572126015,9.899296072297583,0,1,Mal
8.185840116721096,9.3604846859313,2.125238082254631,4.287029088162459,0,0,Bem
6.794706394586529,6.557498600664628,7.891685367974034,5.350599749269714,1,0,Médio
8.369918310532915,7.788786669469423,0.4798196826454326,1.0679220707926818,0,0,Mal
5.683184551233974,5.562272210889989,7.592650803747869,4.90578661322859,1,0,Mal
7.597344821145867,8.869367786914998,6.607150635370505,2.822675170109613,1,0,Bem
5.996347373465573,5.112936440718081,8.759163968195974,3.9297577076786294,1,0,Mal
7.91318119835408,7.4694897843892605,0.7865362980398072,1.4714956882628372,0,0,Bem
9.658521501020443,9.165414682319344,5.313380298726889,8.56758679640233,0,1,Bem
5.455837658102359,5.191714526872345,9.932567986311549,3.580218955809041,1,0,Mal
8.252392753793007,6.994999093558404,6.556104223699647,9.815542637399252,1,1,Bem
9.229996514807876,7.686047291355874,5.321212529062187,6.699387726080789,0,1,Bem
6.367385918149849,6.699361497776503,4.137008272347579,8.372394751012436,0,1,Médio
6.946206353399423,8.126997999656547,2.9805335829433774,6.01426038499847,0,1,Médio
8.422027583080416,7.273263783498346,0.6231980810008553,5.417507384433864,0,0,Médio
8.064792240052931,8.617368340048893,9.602300472939897,4.697512725120317,1,0,Bem
5.964638454530318,6.933047833252506,9.340940418965989,3.253296159276454,1,0,Mal
8.476719403983552,8.65443351176647,5.6701311877244365,4.89426096719593,0,0,Bem
9.658610855242607,9.787260518754438,7.269740221422745,8.360623073820854,1,1,Bem
6.638165814403935,5.512785711791225,6.914268036450613,7.631969700437173,1,1,Médio
7.859164110919175,8.958157042308299,5.52939246519831,1.5930685648811027,0,0,Bem
9.357100820494626,8.105248340493292,9.030047823295144,5.800639493464944,1,0,Bem
5.197238356346733,5.292216589070347,0.057932667588499465,9.353167502313296,0,1,Mal
8.795811314461549,9.395006698105192,3.0874483905410663,9.259911197041815,0,1,Bem
7.688464396757741,8.086238734225393,3.249117122058971,3.7497390848130205,0,0,Bem
9.677947623493235,10.009633216447451,8.538778587725549,0.37066989727438826,1,0,Mal
9.361013530423612,9.865145973013643,5.049887333139516,6.327726547089828,0,1,Bem
7.059935832332471,6.499857812688956,0.1060812839809,7.761958943365727,0,1,Mal
9.264082954009323,7.978508906625065,3.961817220848557,6.5619326437760614,0,1,Bem
9.215961383167143,7.652445871198371,1.7449239162386754,1.7172294428217827,0,0,Bem
6.399419422103951,5.15081557467836,7.084653988579347,1.2310035007522901,1,0,Médio
6.112140061883642,6.453229052422015,5.456295406359272,0.9436347646079368,0,0,Médio
7.757391427661124,8.555568354639618,4.277509437932573,4.804869562338768,0,0,Bem
5.699178447941118,5.150515112610369,7.121140192744273,7.752574388887434,1,1,Mal
7.920063792255236,7.501157689079741,1.0685590026318104,9.942912556236154,0,1,Bem
7.550365684989524,6.144765325679405,3.4395000846335355,5.943097660070863,0,0,Bem
5.014632038119847,4.269777164009023,7.144492239366383,0.6847176993101867,1,0,Mal
9.724222691569965,9.760256391163315,4.861489526692212,8.480521704145232,0,1,Bem
8.828722983851373,10.046763458072224,4.544463752328122,9.010495095039236,0,1,Bem
5.01872572764322,5.206797090637513,4.687190535430079,8.488928313234691,0,1,Mal
5.808530308924453,5.054512350681267,0.13704961072236843,2.4142174557223095,0,0,Mal
7.051335342626743,7.532338367542836,6.098191571911007,5.398158341427064,1,0,Médio
6.964035460924942,7.426076520846872,8.857973662135947,6.716045887750203,1,1,Médio
5.6543021452895035,6.103109366956461,3.9754817208636806,3.7246931434954766,0,0,Mal
5.964212754036699,6.842820894468016,3.518746810491847,6.391652315789766,0,1,Mal
6.764082825798679,5.693319215791161,7.231642547654492,8.748387528170586,1,1,Médio
7.100922176106656,6.778947486846172,2.7608660695648557,7.718370754796754,0,1,Médio
8.721901911873926,7.6802352128108415,1.963721611536563,8.821342603951711,0,1,Bem
8.779226381686787,8.919209953363596,3.0352741307662656,7.4077943966121085,0,1,Bem
9.10618469146646,9.462622658009323,8.944982898419966,3.918863449511215,1,0,Bem
7.466866646011298,8.93746305904762,9.484544687268034,9.022071170243343,1,1,Médio
8.354542077939143,7.3929813247400995,9.046529146203149,0.7480159986303614,1,0,Bem
5.794928598211838,6.125264286719215,8.763366286746763,1.839560597590827,1,0,Mal
9.14707355102055,9.486715551818826,4.845611697867192,0.9283023036138327,0,0,Bem
5.032504345715571,5.286545085978982,8.055341355785924,2.026343714823342,1,0,Mal
7.489265319906895,8.233363756285796,4.12183925221605,8.088154377366669,0,1,Médio
9.833276427464822,9.70345279467372,6.513621970119928,2.3245731688236204,1,0,Bem
6.7155248567235954,7.8736256112625655,8.975997979763203,0.182965172523879,1,0,Mal
5.726530363370629,5.875119069242172,6.941495482447202,5.0769964608348115,1,0,Mal
7.517485540096101,6.75166184697883,9.72459799559831,0.9614018331478269,1,0,Bem
5.807932228464803,4.848628192588748,8.515323789777458,9.227844791063145,1,1,Mal
6.543327775364395,7.648468600765737,4.191530398633949,6.0041570978910075,0,1,Médio
9.785252928189664,9.873033086948258,1.037365382526767,0.6756530105101344,0,0,Médio
5.370355727260813,4.562446597084901,7.503535549616586,7.9236040664882985,1,1,Mal
6.5130884249975125,7.7815033619676575,0.2799876779379262,7.535022003478899,0,1,Mal
5.9399430925559935,4.881002538769569,9.755572760919847,4.688268337710215,1,0,Mal
6.256025927542511,7.102832778824902,7.153414532194925,6.280758721911822,1,1,Médio
9.759015669886189,8.789675664625348,5.9050935804531335,8.549576016029764,0,1,Bem
7.867280967222872,9.335706765301254,0.5116724898077962,7.227351692391291,0,1,Mal
9.753934599428458,11.549413009896739,4.542420749426684,9.239248935189263,0,1,Bem
5.433388822180326,5.673708979066915,7.179525533072816,1.1273561667232979,1,0,Mal
5.373806443586377,4.464460729502554,5.930717077976312,3.4697739981492184,0,0,Mal
9.153385698174485,8.156521694154904,1.2654333399058526,1.8101049598402341,0,0,Bem
6.9034531344456695,6.57566498184765,2.1006201481106213,8.559923378479517,0,1,Médio
7.92613703097671,7.780154060852728,8.121765180529364,9.800831057040654,1,1,Bem
6.129893004756777,5.116261466226818,3.0314468107370907,6.131245802802281,0,1,Médio
6.673175065719116,6.330264876919343,2.8603667728324877,2.589740733574816,0,0,Médio
9.914697476104237,10.491766221642438,5.445104198157171,0.4037815209841167,0,0,Mal
5.05575671666284,4.454246672881763,9.218161964245658,1.5102730417482702,1,0,Mal
6.036463535588556,4.839142638888245,3.9356382470538787,2.463199648230663,0,0,Médio
8.947698508423148,7.50187519728609,2.183491260267565,4.711138867968079,0,0,Bem
6.185144476870244,6.463135409926208,0.5645687174576497,3.173560173588518,0,0,Mal
7.477231178510614,6.521285269809533,4.146000959003554,9.911324126378986,0,1,Médio
7.031158944448771,6.445998268510359,3.3224525803380835,7.590487425903828,0,1,Médio
9.535020854284696,10.082547418623532,4.476392207704004,2.9094113685220746,0,0,Bem
8.275616520654243,8.83721529834296,5.644072853562597,9.854434341753782,0,1,Bem
5.6659791728360025,6.047807799625506,3.651457706630983,1.8431976502933367,0,0,Mal
5.327088500339981,5.016804178710328,3.5475043460825906,6.896785217055591,0,1,Mal
5.134316801142951,4.242266457743484,2.40740463712707,2.028866834711317,0,0,Mal
5.085873604662831,5.357312723873029,1.0349328852484607,3.842064294761082,0,0,Mal
5.679734446915007,5.481319567299603,0.5600159361349066,9.691873217001866,0,1,Mal
6.832528366994579,7.122837750341381,3.7085743811283125,8.880356028022783,0,1,Médio
5.464848540093122,6.045068904416645,1.1321350866790425,1.0364124046120116,0,0,Mal
9.547522115032306,10.235405798027578,6.034846452808397,3.563605553773507,1,0,Bem
6.103552592791297,5.7439814212832125,9.36267898547012,9.533991268569347,1,1,Médio
7.115111843190802,6.988226293759584,0.6616148930668475,7.295883481651551,0,1,Médio
5.685812656663442,4.602228488285077,1.9846260225168533,2.606114223851186,0,0,Mal
6.6707422818638875,7.227938392142745,5.230374152415519,8.003516512003822,0,1,Médio
5.243775625999707,4.554133727334609,6.595492930161065,7.912419782530787,1,1,Mal
9.604673939625403,9.460537369252338,1.547779033147204,4.77193756171562,0,0,Bem
5.714277971940907,4.991747589580249,3.2108504138945526,9.040253884799442,0,1,Mal
9.15385175952704,9.50280709645841,8.240882905569048,7.544913621705555,1,1,Bem
8.082371868774247,6.999323462467328,9.436625981708968,5.466034986097209,1,0,Bem
9.952291397520952,8.217079381692566,9.970994145723779,1.2280454136389019,1,0,Bem
6.352040709815971,7.2570369024897285,6.894392904452725,8.090920814306017,1,1,Médio
8.601574587288932,9.975845716707772,0.6219002977858068,2.8680817638593203,0,0,Médio
6.028924592309487,5.18393521987843,4.4502759248352195,1.814975265286135,0,0,Médio
9.749841896780325,9.656705123031333,3.8868472118882993,9.84061765405529,0,1,Bem
7.184657856709141,8.1450044636849,0.42642914045014746,0.09463817293777876,0,0,Mal
6.434087600909397,6.166407644028574,2.6286080764630415,5.520636719802521,0,0,Médio
8.333034324667885,9.38793944230664,0.44932953469556947,5.233265374775039,0,0,Mal
6.080482966946072,6.159506413561644,0.29957850654794616,2.560530541830369,0,0,Mal
5.136214335473076,4.419344880010982,2.4529525603471223,9.71107931831093,0,1,Mal
9.116452410793153,8.31062185856631,9.449084695779888,3.076800031633643,1,0,Bem
7.2615815345560435,8.100691079829266,6.577080677049008,5.396456261389586,1,0,Médio
8.705061965096501,8.29436583200584,8.80205219026923,0.369540286943113,1,0,Mal
9.475553414254346,9.40029682578829,8.039473745390588,0.167926937466798,1,0,Mal
6.199476699751598,6.058063165525823,5.864354200101709,4.140174114660901,0,0,Médio
6.97547020389589,5.734166846416955,9.159089374810517,6.454831485789404,1,1,Médio
5.471588129111098,5.226651808079082,4.49195562374107,5.81452872622135,0,0,Mal
9.81384250011028,11.166435388999037,0.14015161218257854,0.415829269861292,0,0,Mal
8.666054922205916,8.866695330713064,1.931882905638157,4.0649512052632195,0,0,Bem
6.24660859369998,5.513372245836678,8.120534240532823,4.260574635236042,1,0,Médio
7.628849367510984,9.069778898665739,5.882434174959755,5.556314106038713,0,0,Bem
7.109376354878162,7.90342021098154,8.364048983101078,4.1497531630969045,1,0,Médio
6.990785800218093,7.8181312386946304,5.855671922328163,5.34403219378131,0,0,Médio
7.580733870244181,8.444650938425783,0.424579488554121,2.679702690787691,0,0,Mal
6.256898159718646,6.8831779941777915,4.304904467508143,1.065883018256485,0,0,Médio
8.017848818765309,8.44533467464473,5.0362803081025165,2.018191037979833,0,0,Bem
6.743914245628014,7.559511704552151,3.6018076769787752,5.712063842292391,0,0,Médio
6.622855417655336,6.836363603867162,4.601564979513086,1.3498008758168112,0,0,Médio
8.627138076828238,8.531765301026594,1.2639683250418243,3.455384316909819,0,0,Bem
5.558743150090276,5.179997846212307,7.36469874305253,8.356906519247776,1,1,Mal
9.18295492997534,8.744532846320466,6.683225418000967,0.8818281221984947,1,0,Bem
5.370758642433993,4.553755474694216,3.729345109056841,8.100919667949482,0,1,Mal
7.609041005671494,7.53187843490371,5.836405324189541,7.110387440757757,0,1,Bem
9.990844552750069,10.425091517199355,9.636246643034553,6.379468214096821,1,1,Bem
7.383224986394454,8.06345799042247,1.5043949740543516,2.3753437291986668,0,0,Médio
6.0376630984484425,6.8486613862676595,6.5250677960203065,5.698202854211121,1,0,Médio
9.7938721820396,9.33793113088921,1.7860685845635549,1.5762631477985667,0,0,Bem
6.017766050491201,6.1884158993343075,2.2745609605024333,3.5624092969877577,0,0,Médio
6.905973150931704,6.240069284764818,6.614547276349888,5.116097502553786,1,0,Médio
9.615475540682992,8.441599743515894,2.5136211403687456,6.853375961929352,0,1,Bem
5.446640544849805,5.885913549117435,8.958211339704597,6.465910865883733,1,1,Mal
7.934503789146065,9.170512389202754,3.523085283309506,2.0308604492726534,0,0,Bem
8.851279077745055,8.32037555827594,2.4203753398595773,0.13743189590071592,0,0,Mal
6.7760370704671775,6.2721879399973055,0.4262862761293018,6.1375819563283365,0,1,Mal
5.534459881713415,5.263216861429616,4.769198469886628,4.117178783815731,0,0,Mal
7.33523117203948,7.022675269018979,4.914267623659257,4.248346302060677,0,0,Médio
6.573424822547788,6.859995388994575,6.8324302208565655,7.159630260315205,1,1,Médio
5.0777858495400885,5.076995144053066,5.066021325455365,3.7676966913645247,0,0,Mal
6.288620504953991,7.037820608000025,1.461426740314521,0.5225307705485849,0,0,Mal
6.966937476810093,6.2492072992595045,4.258606366792414,3.1596971283178954,0,0,Médio
9.193121043012123,10.70168673656832,2.1234002947047257,8.929789640077257,0,1,Bem
6.045409322081481,6.622654276194688,2.39773489815717,2.8461489187544253,0,0,Médio
7.9690251770964124,8.239224175814787,6.469106494591222,8.756474898819205,1,1,Bem
8.934418856608037,7.782804145049686,7.6208818351429555,3.668955851288853,1,0,Bem
9.041767583903692,9.80534194035621,6.533632087941794,6.659077180723667,1,1,Bem
9.932127600472757,11.608127746246721,1.6458362197195964,2.284072473281392,0,0,Bem
5.4182683753285055,4.897383144405553,7.379613789939317,3.723692282095464,1,0,Mal
7.459180531690022,8.344013224391869,5.135551834159804,9.588353270824314,0,1,Médio
5.5560627951367465,5.38291511812673,2.8813118282262407,4.255891113055181,0,0,Mal
8.6391948512595,7.0149143686349325,1.349697957312329,7.674474543820241,0,1,Bem
6.443548006854758,6.695820807591106,5.289657800864821,1.7071121388574317,0,0,Médio
7.426101065022032,8.412706201362301,8.876688602806198,9.355531721148377,1,1,Médio
6.271235773512078,7.067040381281851,9.163482970740084,7.528712934416743,1,1,Médio
8.458015412458684,7.196705033821711,7.884375390644623,5.928069965197434,1,0,Bem
9.907892730490714,9.79625575790454,7.906545620908203,5.547844595417769,1,0,Bem
5.624271669857346,5.207592522313602,5.402463694510659,3.7386130741440837,0,0,Mal
6.902864513131767,5.909409595255988,0.33949403555019075,6.195251923050019,0,1,Mal
9.712637302300843,10.182376956230708,2.13092862669113,3.22195153500103,0,0,Bem
7.785936894543999,8.222844096302671,7.440292599564602,7.816779357487734,1,1,Bem
6.9231144716016635,6.250250885305947,5.621323782293962,5.399535014542121,0,0,Médio
6.304012570091718,6.360764429645847,2.958486415057221,1.0161941763781412,0,0,Médio
6.089659455164578,5.226653587397566,7.354061263068962,6.1191551484453175,1,1,Médio
7.1088812872556,5.781542849712015,2.2126290593656863,3.7737914529378114,0,0,Médio
5.767392145943445,5.619140995284321,0.6433732603843134,3.5193767921321006,0,0,Mal
7.185019097857086,6.3673555116083085,9.986934075486424,6.770474382117372,1,1,Médio
7.298340584814099,8.27188997909404,9.587897105662869,8.202574608945039,1,1,Médio
9.461429305914635,10.76408902576537,3.408751973538755,5.145331010293238,0,0,Bem
5.0261862566516715,4.665898917721132,5.610855004376525,2.445706256238597,0,0,Mal
6.050914593318081,6.065270675037879,0.1589887687420688,9.35281862488531,0,1,Mal
7.7299401264101135,8.80061786390413,0.786871014003413,0.1405570822754454,0,0,Mal
7.829298718492868,8.374128166353609,8.493237304855384,5.129683661967574,1,0,Bem
8.65688077231924,9.480645322066394,8.40924512964581,9.559040982996795,1,1,Bem
6.198000844270709,6.598039171511698,5.789299976954271,5.111638993981845,0,0,Médio
9.645567134858055,9.853770889411246,2.1818512269067005,1.6152116068939337,0,0,Bem
6.922292732012628,5.992487286020472,4.607495795677556,7.575595685143241,0,1,Médio
6.468232814524342,5.775958660120381,3.4830722970692243,0.2717582380107275,0,0,Mal
6.718219845713478,6.5997685158958825,2.892163980001774,9.992852477582382,0,1,Médio
7.749952691386262,7.498283891592092,1.393415656569157,1.1064551581030735,0,0,Bem
5.782444031472754,6.468652739245615,1.5550620211285393,5.560264028353456,0,0,Mal
6.413506790627891,6.03536006162433,6.736260900095255,2.7193812775350357,1,0,Médio
7.998387395760719,8.862227351813758,3.4762634471522014,1.6439477039627126,0,0,Bem
8.074320124802874,8.43621713618075,9.977577568714175,5.8366736693394685,1,0,Bem
5.256450542389304,5.966323418890388,5.896693049089747,1.522263927491947,0,0,Mal
5.978874148686916,6.171543103219296,7.542627668051228,2.0495148910738115,1,0,Mal
6.875588617455081,5.966096648598809,7.957037307050041,8.859276232286986,1,1,Médio
8.094311595213522,7.986376155869494,1.8744490669237623,2.5477947276835455,0,0,Bem
7.694845812762146,6.165519839782257,2.5804049705558274,0.9242561604777277,0,0,Bem
6.590914660365373,5.689722343352115,3.648302244710689,2.6477718629744427,0,0,Médio
9.715237535976636,10.037639610393533,0.7604951833826745,0.6092177280553246,0,0,Médio
7.975484766871011,7.274948786431957,0.3456950805860415,8.971268248611338,0,1,Mal
6.485455224679619,6.975232872624268,8.298577140114729,6.3973392539062335,1,1,Médio
5.199377537691235,5.408015992572575,7.575550392440019,7.51556573577985,1,1,Mal
9.922104389482193,11.53699271551401,3.26292748229998,8.004654231431918,0,1,Bem
8.140105610368611,8.9230511328783,7.724158286566159,6.655210816610207,1,1,Bem
8.90698429837664,7.8145000978272865,8.05905843462196,2.2007669286456135,1,0,Bem
9.180002902899965,7.743985564300177,7.209049830097788,9.8117465837273,1,1,Bem
7.784582389119881,7.189245268411237,4.439622215537705,7.724769615405948,0,1,Bem
7.523445115651596,7.538193616209229,6.847943786007459,2.9734423903864915,1,0,Bem
7.246740170604814,8.594290442698538,7.952049360095254,9.687361385068616,1,1,Médio
9.165115259916242,7.565596329505891,2.007463122564027,6.361009112384184,0,1,Bem
6.813230173441408,7.352338698430958,2.816063138590322,8.991195992574859,0,1,Médio
6.261347552079764,6.152069214949739,7.601551708421445,2.3094762726606,1,0,Médio
7.57305509841539,8.404013063493931,6.856491902970893,7.666179790390193,1,1,Bem
7.894201076062858,8.159123894465852,0.5999428369631676,6.758871316973284,0,1,Mal
5.5014906772345595,5.329017280776584,2.552383727172028,7.314412819585902,0,1,Mal
5.825252517463125,5.938600352773578,0.22034651683668582,1.2066594921754803,0,0,Mal
5.463884468599282,6.212577901929695,5.6593507826862925,5.29846172377698,0,0,Mal
8.842532288854507,8.36273904927355,4.947324375587958,8.960686004320316,0,1,Bem
9.514330696842629,10.212516744012392,4.6101790855882445,0.9388617452752357,0,0,Bem
7.616645781329647,6.121714925839583,2.5617614718439885,0.4029625920063429,0,0,Mal
8.154247499204246,7.948585332590839,1.0594924983580145,8.060893657060525,0,1,Bem
5.6612586698400875,6.302620880584776,1.4772473281273635,8.164676082003746,0,1,Mal
9.46308226175369,7.835512698519602,8.171346429232033,5.064083423512508,1,0,Bem
9.423461823694298,8.084866177477465,7.273832342589502,7.970133668775449,1,1,Bem
9.094577421205091,8.689122601842936,5.638712465985217,0.7320659807572294,0,0,Bem
6.861603668802046,6.687764638330167,5.42741594719962,2.0267277823514185,0,0,Médio
7.24727676255694,6.16036152977869,6.697531786212187,8.435704765714412,1,1,Médio
7.581829211095103,7.485941674861385,3.8227405244032076,2.275303586436106,0,0,Bem
9.224395618616983,8.004283971061142,4.729224868809658,7.227980413392845,0,1,Bem
5.422605139865256,5.376816628393287,4.688679689660196,9.400329875182274,0,1,Mal
8.530876540183936,9.907041265238565,0.5007255713087955,9.075924766354989,0,1,Mal
8.267633703115996,6.730665377879766,3.809849966098453,8.869039092425242,0,1,Bem
7.350672936031907,7.028358705411832,2.9153482604603287,0.3304695906672461,0,0,Mal
9.58181501742109,8.505459218022553,0.4651147786877641,2.1101109593203904,0,0,Mal
5.093140971420596,4.2080286295617935,4.450610035624964,2.7176902449379914,0,0,Mal
9.897637889632716,9.436092407815414,1.6527293568308654,1.9078517572787235,0,0,Bem
6.773018743494404,5.642857418727536,2.5672590004502203,8.265726691450919,0,1,Médio
7.828371786409527,6.80479758513688,4.184240078206578,8.74559817949235,0,1,Bem
6.542170630246052,6.662419196669301,6.709271496477623,0.49616052217556383,1,0,Mal
9.549777597074478,7.9172421953566925,8.6761317910672,3.6174238578957887,1,0,Bem
8.484685613446437,9.28049715079249,6.189111821072814,9.720625969272428,1,1,Bem
9.19139211418861,8.273094503450988,0.038708116978416474,7.385648813874949,0,1,Mal
5.414879332604153,5.154483810884844,4.849628067024685,2.635292316230421,0,0,Mal
6.420314238473386,6.101207642141885,3.1623417652462935,5.462937581926674,0,0,Médio
8.382834077644635,7.43911655239511,2.166777117842247,1.9865209300504916,0,0,Bem
5.773723314427222,6.138237121562391,6.394115071986029,0.33955766724933945,1,0,Mal
6.208027739603833,5.498093185088038,5.635742516958332,2.4106019350731356,0,0,Médio
8.035347064731395,6.966467147143445,8.282801976666583,4.699528125584999,1,0,Bem
5.846411251952339,4.787334530473108,4.716185165491773,8.11356401858909,0,1,Mal
6.0272577006562305,5.12338042880356,1.2442275913377554,5.396485395674637,0,0,Médio
9.8575396786472,7.974077463096548,3.4073671195992805,8.088282448097644,0,1,Bem
6.894132749649284,7.3477259195194105,4.384705919259878,5.295395090486061,0,0,Médio
5.636510686722632,6.56812409780276,7.511794989658281,5.071831495356904,1,0,Mal
5.518746834537338,5.472126797634375,6.48443446445482,9.812004229369546,1,1,Mal
5.796873045543064,5.9728174418268365,1.6128040206908978,9.871194117381048,0,1,Mal
8.802304965662175,7.438991749098999,0.8636232321712989,2.5557101613639635,0,0,Bem
8.518029854426231,8.168418957722913,1.2230136502968891,0.7958906851656167,0,0,Bem
7.104427112450793,7.2713485170212415,6.177620769399184,6.3411872479671665,1,1,Médio
7.503291019108573,8.351329554096834,7.028342195334037,1.7508730909970016,1,0,Bem
8.421839393109808,7.787839960520598,6.532165360087662,0.3187582914437992,1,0,Mal
8.039960558693227,7.886958129170626,6.370229351211466,8.517410971615888,1,1,Bem
7.8220600167621495,8.169568504551,0.7389479145418132,9.482518036794215,0,1,Bem
6.845248961714935,7.539753909348895,3.372569223563986,6.4230380984076465,0,1,Médio
5.830967116148148,6.048548435166462,0.6968830767007295,8.605234662368575,0,1,Mal
5.303194235529394,5.598707298258526,2.2569958373043706,4.664757161859879,0,0,Mal
6.552872486581947,6.827892084055089,8.684995492789142,5.956340011883498,1,0,Médio
6.584143165919406,5.633353268933739,8.406384169862914,8.94712067379783,1,1,Médio
9.542116151482912,11.045683957230246,3.95836981012308,8.199160987466449,0,1,Bem
5.799850870508097,5.598299827624301,2.950045661243034,8.357489705011835,0,1,Mal
5.866788841873031,4.895682668460999,1.2456776622157717,6.190049347292436,0,1,Mal
5.75001994802639,5.821715899722142,7.51488515044903,5.645949453031878,1,0,Mal
7.711158972327038,6.51895826268132,8.73683036270269,7.22569551776867,1,1,Bem
8.752841062255415,9.950951908385402,5.440271763308359,2.503770011551415,0,0,Bem
6.934391630618203,5.804642004861382,7.605452689265148,6.5881853145472995,1,1,Médio
7.98248831019767,8.434338560530813,8.629083324225535,0.5989552663868913,1,0,Mal
5.116965022676094,5.374071065266403,3.293019854597765,2.9881430972037393,0,0,Mal
8.068884128415064,7.2992805586379115,3.358557424869165,2.3179466625147627,0,0,Bem
5.082308016145094,5.038212312937775,6.452982167473086,7.937614580780332,1,1,Mal
7.744872840016576,6.83251794939746,2.7248080162676724,9.050958945891765,0,1,Bem
6.419384743332087,5.509005540860742,4.694063585586349,6.087515607656892,0,1,Médio
6.264129864916194,5.335061991943702,0.07724781033876305,7.820735468827164,0,1,Mal
9.563760119931015,8.689182548591369,2.010695273717854,8.769364309767322,0,1,Bem
8.720756109001966,7.494023942648736,4.294222107772496,2.120614105456131,0,0,Bem
7.649909493323371,8.437035099139797,2.2954365525871956,1.5117144510208635,0,0,Bem
6.55751602446467,5.357429751807372,3.4371560925697797,6.250659272926646,0,1,Médio
6.141796834882092,5.694177380214714,5.909089473488473,9.01526298495762,0,1,Médio
6.123336133898972,4.927746241494635,0.4758725006291087,7.377917910568056,0,1,Mal
8.577725928037639,7.396273877389424,7.009402623120289,0.24510290331540174,1,0,Mal
5.07956918126783,5.025158521334193,6.3763840209373255,4.742553437833921,1,0,Mal
7.415123416192342,6.37469784093519,9.982892524428253,6.474341974478105,1,1,Médio
7.098815240190078,5.738652556279596,0.2043084118011962,8.481395525300009,0,1,Mal
9.358851617085216,9.795954001891085,8.634796272938287,8.190424558537089,1,1,Bem
7.480937418303078,8.494576949558436,1.7220230713487095,3.5750896573307447,0,0,Médio
8.742665613317422,7.833537777027753,4.121082682589531,7.519322808900978,0,1,Bem
5.280652260241249,4.5230643176700625,4.259357846013081,2.6960840847348697,0,0,Mal
9.388703507081598,9.28347890868907,3.4794336638853074,9.695830279703017,0,1,Bem
6.469083531793993,6.918980475154326,3.1703031106044754,6.672509709217831,0,1,Médio
5.755060820072893,6.011139006654344,1.8674283932674218,3.7484320144348517,0,0,Mal
7.151252654696716,8.475286123496916,6.029840244885235,8.62880883708025,1,1,Médio
7.334354596204508,7.043306116603885,6.959167524810628,7.281480305763913,1,1,Médio
5.383798778753674,4.472598512421456,0.30757287237213826,7.720993258210792,0,1,Mal
9.362214833410707,8.756550306036603,5.960900343948609,0.23790817443729462,0,0,Mal
5.7827594438055945,6.802426862308309,9.983621306725244,4.695006834566056,1,0,Mal
5.688558946319723,5.706799560670806,7.460594723686014,4.07774420847616,1,0,Mal
5.625390653296039,5.475775636848318,5.187447855799977,1.7564320180141868,0,0,Mal
6.901934459114335,6.205661482007444,7.615926754711918,6.716035321979941,1,1,Médio
8.025131561182107,7.233584829714166,7.647161573753126,3.3543105527936925,1,0,Bem
6.271696812231701,5.651179830042484,8.138064586025292,6.966163201182379,1,1,Médio
6.959557223289108,7.520391431446789,4.931990251556474,8.930544003056097,0,1,Médio
9.582141101706616,11.153844185398395,9.910623458139433,5.771909039881713,1,0,Bem
5.381132341552881,6.374424881564102,5.442785314364157,7.333782728203133,0,1,Mal
6.77839380455937,7.447398770537943,3.5655123825809576,5.32120581704544,0,0,Médio
6.440498059790909,7.454875893763193,5.337180745992624,8.640427567173925,0,1,Médio
6.338985523222563,6.649507935137098,0.5903787605444222,2.183747703530199,0,0,Mal
6.898602200252939,8.219659118366062,2.2735605994453243,1.6918921644289053,0,0,Médio
7.370445192895798,8.322780562970054,3.860629382288524,7.78540012997357,0,1,Médio
9.559528871713246,10.789023930561887,3.160652873028625,6.338665508720044,0,1,Bem
6.764590128352547,6.184747301146312,6.306359332132704,8.027336333128293,1,1,Médio
7.7408369835836055,7.027734234078558,1.4437730405702587,1.9331733924778793,0,0,Bem
5.8648465514271315,4.866396934387743,4.09854256545421,9.100957797675308,0,1,Mal
6.73190155747364,5.821475002518722,1.7526198789706549,2.702604723448948,0,0,Médio
6.279945115321608,5.853986945093262,1.4706336065400316,0.5304353867298661,0,0,Mal
6.739133945470947,8.060127263761522,9.424341486098436,8.629062356046859,1,1,Médio
6.130689184985998,5.638707564272637,0.3499203851868693,7.742150081127743,0,1,Mal
5.255587454904545,6.190210023595774,3.4134011826811737,2.275542156839485,0,0,Mal
8.075753141582975,8.77747941555803,9.016290849409847,1.0461358287678735,1,0,Bem
6.710254896074777,7.024854565085382,3.7083442826556867,8.129261306113438,0,1,Médio
7.9902937031596215,8.786298515279377,5.652909265386191,9.681724256883815,0,1,Bem
5.644617053045893,6.4580654181002695,1.5708692442075356,6.840452533855705,0,1,Mal
8.794985055565823,8.78211352073195,0.14123286763722986,2.5850191933020685,0,0,Mal
7.217032103328227,6.1274523562708465,6.676354168775784,2.5317559809963597,1,0,Médio
5.66233194515268,5.0829575574771795,5.959654984101129,6.090700160608589,0,1,Mal
6.981140115104979,5.857103056869138,5.089218013690465,5.5002845885073235,0,0,Médio
9.822455336184692,9.323002823324117,0.5418599247968292,1.1714151134303274,0,0,Mal
5.0400736732572975,4.370472935597261,7.219548333775593,1.7045370678660865,1,0,Mal
8.267581226094256,9.858377320240793,2.517345001246929,0.5052140504063751,0,0,Mal
5.5842131016664425,6.69669441695878,6.8915945267049805,5.351996770653271,1,0,Mal
9.200782641864532,10.092765250221445,7.62463698455414,8.723738262885117,1,1,Bem
6.4444140095163505,7.343386103639348,9.66114801223258,9.768188643119727,1,1,Médio
7.693367455724921,7.344589230592292,4.4330334061611465,5.862175908159719,0,0,Bem
8.970097559734542,9.272630797957929,2.571734117281083,9.148426877294938,0,1,Bem
5.57235879263221,6.539569983318838,7.837429224143157,0.5934613249644127,1,0,Mal
5.3368809046563666,6.396271853091541,0.3090798711787146,4.708809272915685,0,0,Mal
7.372478759481134,8.392880690568914,9.592041919136697,7.624304168119698,1,1,Médio
7.793287758296753,9.300282274110831,6.280904525038224,2.7427971533725612,1,0,Bem
9.14908816467687,8.15639643648947,9.168793330284299,9.004972146290285,1,1,Bem
8.173992937120302,6.58443390650169,9.276107278445835,3.506060284343863,1,0,Bem
5.999172537338968,5.086243627087009,7.2878259501112055,5.0795586737436205,1,0,Mal
5.505196369407928,5.679172504769763,0.1796020680862831,1.171178956992469,0,0,Mal
9.52461035591647,8.717873663279642,4.205593666786955,3.4654372368902573,0,0,Bem
5.251717872020904,4.3149000105409145,7.022509619140106,0.15303186808447,1,0,Mal
6.018862589194794,6.70721223472815,3.9776640088895645,4.101085011983319,0,0,Médio
8.961791293967702,9.19764206262632,2.5218385791269027,7.324211052437399,0,1,Bem
7.448774116165373,7.310665221480472,2.305970679396181,0.7928477036204384,0,0,Médio
5.276418809358732,4.404939675087121,2.8468222741096785,1.7783318155297245,0,0,Mal
5.321929825391535,6.204953336253533,9.109384400360257,4.429332633498024,1,0,Mal
6.734131050048659,6.660599513345724,7.677368418557203,6.86664001397884,1,1,Médio
5.433730374725036,5.189197861673541,9.981856062285313,4.411144181696573,1,0,Mal
9.590314503233198,10.032367676046517,3.4985974696214472,1.2435693408393678,0,0,Bem
9.902713086698759,10.328293903959832,8.622007486669684,9.44043282809139,1,1,Bem
6.256118523961051,5.727669669402805,5.282411787832406,3.486159775901193,0,0,Médio
8.679432793130474,6.968363259250226,1.9698629135838819,7.78737742613597,0,1,Bem
9.169244423118,10.12167450979096,2.502941667821755,0.696967551679536,0,0,Médio
6.485624091496162,6.64518006656304,9.094952672306558,0.10720742613230305,1,0,Mal
8.911698213552222,10.257890368023723,9.824745292466892,4.164052418202832,1,0,Bem
6.845834398257908,6.7593763781784535,9.716593758011081,6.919235440621849,1,1,Médio
5.618788605094621,6.719988274001435,1.586655064824617,7.970981633075789,0,1,Mal
9.81196628110019,9.883761856312061,0.7204288433265382,6.4591663268874004,0,1,Bem
7.701469424297102,8.689716863943174,0.39702505102359287,4.096150328329726,0,0,Mal
7.743473073271309,6.630799606091718,4.466569518464787,5.858583112531445,0,0,Bem
7.778385312666494,8.528384770185806,6.393903822257041,6.922092914086142,1,1,Bem
9.685197763915028,8.240699800560412,7.307621732933213,8.139873871676613,1,1,Bem
7.094010518100167,7.914439597077996,2.2201313883541482,5.378098444175894,0,0,Médio
8.678700533931632,8.948673264682665,1.5278382018147285,2.047023994903754,0,0,Bem
6.001193475283086,5.0442681197613775,0.7915385826950583,0.07255050692303033,0,0,Mal
9.939884412446952,10.468718198755841,0.8401634700788807,4.5278996641313976,0,0,Bem
8.062887876595008,7.538165322770413,8.176792568253425,9.73544621440636,1,1,Bem
5.065446107990992,4.851516731305349,9.084187628585736,7.771747078667018,1,1,Mal
8.764336862877483,9.098046302535668,2.349856367842645,3.650899206606394,0,0,Bem
8.075323838652096,8.980127414321736,1.4988885802763674,2.007367649842081,0,0,Bem
7.034948747594911,6.998002132538994,3.948262796343447,3.2049340316043775,0,0,Médio
6.692887200096351,7.039494605058014,3.1841960242880143,2.6738217626765226,0,0,Médio
8.356419275497018,8.486439407416775,4.846972009297134,4.963370960599716,0,0,Bem
6.5528066338611115,7.849506627585834,4.055615782184664,2.831703880721852,0,0,Médio
8.871780121749664,9.879354482011825,0.3781057982451064,4.072437744361146,0,0,Mal
6.534581908587099,7.123276660700112,1.4943778945516473,8.718370223648082,0,1,Médio
5.583827700927994,5.566368814840152,0.07149080437837352,7.525582700787558,0,1,Mal
5.648851588197699,6.001880734111916,9.09395648579565,4.211402467732471,1,0,Mal
6.313856405839321,7.189717278052099,1.0307373937183484,4.151021615778231,0,0,Médio
5.98647693745239,6.772337320620557,6.35104950190514,8.35455785305245,1,1,Mal
7.97227540231592,7.877088302772483,3.94330120749099,0.3744677578573352,0,0,Mal
6.830917277866516,6.028309235838505,7.29050036236226,6.763602912766306,1,1,Médio
5.73765587782277,5.180323925869975,9.002075180388513,0.3509456256967214,1,0,Mal
5.241725967611165,5.8835348208024385,9.506864262317334,7.199704710832311,1,1,Mal
8.726970227548877,9.82843845001959,4.072294403768422,9.562987005807233,0,1,Bem
5.35072829981225,4.862290004891188,3.4765309622822915,7.53985017728806,0,1,Mal
7.308258947459235,7.786622400575965,6.183476103965857,6.501193259346623,1,1,Médio
9.498436050852757,9.606427437139384,7.561039473294504,8.144217174133004,1,1,Bem
9.392792004140556,10.166521092202446,5.729107851700014,0.7010358757319324,0,0,Bem
5.69941416030315,5.022557707028472,0.6095551265920851,1.948022338206703,0,0,Mal
6.071245041631506,5.508966635305499,4.18378165810385,6.590171455019479,0,1,Médio
6.861387966124173,6.7691445604231735,4.215253720563654,1.8657913487616395,0,0,Médio
6.313668825785825,6.248943141604123,0.18057417542065468,7.786142586511343,0,1,Mal
6.071868383259088,6.19924506059249,4.72895986910017,5.481430574248048,0,0,Médio
9.712259034324347,11.351404781655178,4.912076436364028,0.35438354916259684,0,0,Mal
6.241505107478899,6.969077728507839,9.55347051943759,2.877801639372329,1,0,Médio
8.279466790112181,6.945995888594647,8.880913726135502,2.9229465583291123,1,0,Bem
5.598210166634913,6.008070430835887,4.96053706521762,4.860725447014602,0,0,Mal
6.063659619175992,6.402948302075764,1.1525897538512397,5.757777299341354,0,0,Médio
8.919146129272137,7.721659508432376,4.535612145975808,4.7040594965493785,0,0,Bem
8.545696856072734,7.34307231059327,4.519686445484123,9.969141033452939,0,1,Bem
9.864620623782873,10.238669450379872,6.859302812221459,3.4296614464830855,1,0,Bem
7.174755386940657,8.123268275388037,7.914505076034555,9.337219908059012,1,1,Médio
8.100433981127901,9.024734010376237,1.4609603145113037,9.083531480062293,0,1,Bem
8.68506316285386,9.371188499410648,9.787949477538639,3.2801236536621037,1,0,Bem
5.3995922709244635,4.7002560146460075,2.3923192316482513,8.401590511060048,0,1,Mal
7.269272372063571,8.366743684063843,5.880947067305586,3.066914469048819,0,0,Médio
9.332987418501293,8.492443091684958,8.52789932216886,1.1165665242412082,1,0,Bem
8.070516221406477,8.92980793489403,9.06774475647184,9.799016127935719,1,1,Bem
9.993656862130699,8.039182593816543,2.0489843203232496,2.641778167590998,0,0,Bem
9.557133305030536,9.454188265663685,8.549973495577866,4.377241100607695,1,0,Bem
8.16247274911132,8.53752501512536,6.449604036265823,8.160166171362588,1,1,Bem
5.404307407093643,4.394740519190933,5.72328867191184,2.490759517822081,0,0,Mal
5.832161459441811,5.360872960269756,1.4093959904733966,1.6441651060540463,0,0,Mal
7.793340617628953,9.033996983018275,1.05521322885345,4.780694948948532,0,0,Bem
7.535891681455846,8.850999738170882,3.7056870205114767,3.2100471504225014,0,0,Bem
5.152420866498167,4.847493833292706,3.054033513198803,7.8618693087547395,0,1,Mal
8.998095607557634,10.545955279144959,7.158367557583204,4.00972873552373,1,0,Bem
5.100570029517697,4.157098364380996,3.6992443565274225,0.9488524365001527,0,0,Mal
8.167551189754409,6.692445172445683,3.905165638170238,1.4909858716636515,0,0,Bem
9.787177625169273,10.439131442161036,2.383198540896032,4.470466157793643,0,0,Bem
8.037194015151098,9.123439611009411,8.944918238376093,3.6642255362385976,1,0,Bem
8.597496185897121,7.959192541050598,5.248913334726888,5.817862409608233,0,0,Bem
7.293326974587457,7.23247899569206,1.5478647095007747,4.931846993555991,0,0,Médio
8.286227077000248,9.156955731380737,8.813521388318255,3.254680213347547,1,0,Bem
6.972763305856728,7.42160729676081,9.91016956696084,1.836303645497902,1,0,Médio
9.952141758104306,10.42589132524365,0.9323568040145325,7.7865843874210094,0,1,Bem
7.853451733006577,9.417587281677298,9.31139935971466,3.5459904534783684,1,0,Bem
9.79995697883197,11.58996612271169,6.947933932074325,2.6686878026224803,1,0,Bem
5.863382292743109,5.888503925001066,9.645887071269735,9.06588565757787,1,1,Mal
6.90958541494977,5.8345005494976645,3.58917376438281,6.678744280409826,0,1,Médio
8.40091199856118,6.751977335797829,3.358741341211232,2.2976565842631382,0,0,Bem
7.6926750874315815,6.608310576357326,6.35434235099834,1.4623957716878455,1,0,Bem
9.203709094758107,8.51034350727725,4.63343947153621,3.604262695279057,0,0,Bem
9.870078810017507,9.514264317939269,6.620887444054188,4.889360638991683,1,0,Bem
8.593738467261279,9.233714245103643,6.390961515518066,5.435218106849906,1,0,Bem
9.423000825471647,9.158254347797705,4.604848678314546,3.4074731569001315,0,0,Bem
6.572461752116563,6.6134059293618055,2.5005077785048755,3.2662111377828893,0,0,Médio
9.009280133771314,8.427896519979996,3.0138898236933165,2.843999275990207,0,0,Bem
7.897191081494112,8.66902353233392,5.578590972637034,0.7606905162336286,0,0,Bem
6.822137982199438,6.398391196199693,4.723704469525378,1.6186337635467285,0,0,Médio
5.9592223932155015,6.139945681190869,0.6205532220141075,8.411815736523124,0,1,Mal
9.343888883590562,8.97692676383594,5.690871280450214,2.7741513656926973,0,0,Bem
7.776078063050246,8.485911325417598,2.8819590199779754,1.9823773616891793,0,0,Bem
5.8286657904709935,5.3440722946348895,3.662473878407626,3.514064218920617,0,0,Mal
7.046271460432481,8.08582134876212,9.732400544340523,8.57850175381038,1,1,Médio
7.157993628024777,8.058291417195033,1.0149131412763723,5.3841069101916785,0,0,Médio
7.959335647083347,8.457309823107757,5.967613188102847,1.2833569670179013,0,0,Bem
7.574029085695508,7.65492954759359,7.217401429548422,7.693361927338333,1,1,Bem
8.930805671519764,8.425496515887916,0.023541346156407128,1.1389790585220927,0,0,Mal
9.176032263104938,10.403901276540667,2.0719235822318725,2.9956383915827125,0,0,Bem
7.14615900483026,6.0776910205601515,6.797869293975037,2.2206393478257502,1,0,Médio
9.635572293741891,9.509537565993433,0.04298825511321214,9.487505975721428,0,1,Mal
7.525846879014895,8.658615026752003,1.8683212501042734,9.37905021190944,0,1,Bem
5.495342767706696,6.357242181061851,3.37014456445993,2.3744640387976146,0,0,Mal
9.289910071402147,8.04243772564289,0.990373077017559,0.003159508533070454,0,0,Mal
8.56446925746197,9.9972059235434,6.575310143018162,6.051202611052906,1,1,Bem
6.977195248543457,6.58757922149442,2.5260196073228283,5.92737823960892,0,0,Médio
5.5721749231459485,6.408316409549514,5.738967081851726,6.305756001831676,0,1,Mal
6.349091906838411,6.444073529479186,3.8383122550366675,8.593097048134101,0,1,Médio
6.321712750791101,5.102156333810735,5.484277367259959,2.3641599732643472,0,0,Médio
6.46855069987229,6.488231615166704,7.862645167577201,2.9494042152283373,1,0,Médio
5.611013469838391,4.678017668380268,4.102030494326393,0.45903879449068485,0,0,Mal
8.966585031238148,9.215315549131455,4.054504365394383,9.194085612611824,0,1,Bem
8.040436774682817,7.257822885213031,5.151392826638968,7.668569032992196,0,1,Bem
5.396361548706697,5.935468624766154,1.8592060579995806,7.02697838302364,0,1,Mal
7.641962001516226,7.133582409909666,3.157422437917287,4.9605126478607104,0,0,Bem
6.254261343500243,6.023580922466177,1.6953724555755956,4.2588595555161115,0,0,Médio
9.821100627671044,10.834009513855964,6.870739487630223,1.0504679529868544,1,0,Bem
8.289225700738363,7.545796806025443,4.662632245387098,3.5861496943755613,0,0,Bem
5.797901893737163,6.136601784142057,1.036220014679089,1.995075640332955,0,0,Mal
7.954441878280058,9.232436127062739,0.8464684756498897,4.190156264565284,0,0,Bem
7.90230926724696,8.865298076588969,8.81144354326027,2.2939004330051507,1,0,Bem
8.520807003510189,9.34139799496244,3.9914923353219556,7.8021971665385035,0,1,Bem
9.006158146666746,8.723090207089394,1.702627922267732,9.596656514236154,0,1,Bem
6.484194071779205,7.3631395261246375,2.2400022467468386,5.3334195218264995,0,0,Médio
7.357333812284368,7.159182881252804,6.687720781839149,6.358659008388202,1,1,Médio
5.266735673968007,4.503035582701616,1.160468575327287,6.560941350358739,0,1,Mal
7.909426395353485,9.429959816736087,2.1441414280959203,6.511033052453651,0,1,Bem
6.067192199813539,6.326023486807066,0.9531886832152758,9.122168675135798,0,1,Médio
7.613071531144833,6.962822960920488,2.6394729952563836,8.467981156196721,0,1,Bem
7.341554462159156,8.574314185607196,6.290475960689465,7.0166947029303826,1,1,Médio
5.003289245167305,5.988293845193036,6.51418073131464,9.882278376256085,1,1,Mal
7.954999462520895,7.760574018683803,5.5541818288019424,8.312168284890484,0,1,Bem
8.67774997280516,9.221097173280068,7.681847930725988,9.402500129014955,1,1,Bem
6.142241656773624,6.2484509694588155,0.005191384790111941,6.536551285476692,0,1,Mal
8.539257037424695,8.29625975996101,6.130938177906529,3.293888409896444,1,0,Bem
5.752607151904702,5.665009460451801,0.43979873820085946,8.74693831693784,0,1,Mal
8.979194080303838,8.746463785717102,1.1306476608866212,6.556450927887266,0,1,Bem
6.875866896330392,6.876463225643137,5.803467926751833,1.0203263551550912,0,0,Médio
7.649260838655572,6.216117658953117,8.747964154842014,6.771076899483008,1,1,Bem
5.2882720893064,6.3080795300022015,7.428520904238523,8.669641849816067,1,1,Mal
6.641702766642307,7.008127556080691,6.257861765936433,8.698003866903736,1,1,Médio
6.969696291664314,5.75990841334458,4.605461576376876,9.564567565252162,0,1,Médio
8.67181971994853,8.019521642594333,1.0324269435298317,4.494706940736234,0,0,Bem
9.99205576324525,8.159090781386524,5.496783830486745,7.184801224853353,0,1,Bem
5.071725821724299,5.209936399960202,6.322342427967104,5.682237027516052,1,0,Mal
9.884675388534571,8.71926916662619,1.9873011936145724,6.128087423884393,0,1,Bem
8.589324951529655,10.157711448845372,3.256566084658971,5.298524068144951,0,0,Bem
5.057726565146004,4.32283513762434,7.091082604290841,0.3901840982969951,1,0,Mal
6.899992605065567,6.653352778029703,3.8258529147649876,1.0714767378528878,0,0,Médio
8.958197533555268,8.002815274672868,2.8744757152778746,3.082617261757752,0,0,Bem
8.190571772059394,9.33614336583765,3.7973980517896244,3.261681788884996,0,0,Bem
6.772834857460271,5.7990382127392435,9.765414222051087,9.456489014296308,1,1,Médio
9.947922399153072,11.333757815624098,4.329793698968496,6.672086349728497,0,1,Bem
9.06726700902927,8.724192748083931,7.24070919034273,8.310781394035134,1,1,Bem
5.680406237261551,4.8427390894179485,3.842218310205834,3.641768017807514,0,0,Mal
5.833095086874286,5.332775458474298,5.424422272137934,1.1346510448044433,0,0,Mal
7.359612880342191,6.809002961375257,4.799558757775716,8.872633318306848,0,1,Médio
9.040345856386635,7.958381389174255,5.532148409154967,4.517857262839576,0,0,Bem
8.925912879941924,10.268271382492664,7.334727509135355,3.406569572190797,1,0,Bem
8.353305204026285,8.722890118172913,4.2268815139474745,9.059378682302958,0,1,Bem
9.188750874650234,7.41197311102942,4.300940566703239,4.184060070625985,0,0,Bem
7.795539241888642,8.858743727351852,3.8371915883359997,7.672123030582357,0,1,Bem
8.319979148058014,8.343255090066634,4.800572802687252,2.220461019062828,0,0,Bem
5.125766808566387,5.609053598358101,6.457725954143693,4.963687870355621,1,0,Mal
9.755889270766627,10.149838332753115,2.3641257391750106,9.389654122739303,0,1,Bem
5.377217323264146,4.761645316520574,8.817069328403814,1.624839755475388,1,0,Mal
9.8960367844765,11.20578573559664,9.908709654948014,4.533827923248426,1,0,Bem
5.534461979964568,5.798379834056709,2.4918795515782124,0.5036145301803252,0,0,Mal
9.275109312551798,10.405286678993392,5.486017779852808,3.8684806725172214,0,0,Bem
8.553432626145959,9.340570107480584,1.5087332176385193,1.3978565883509753,0,0,Bem
8.575463072002162,8.413221363537222,2.981829293851611,8.726361190255702,0,1,Bem
6.5487330194644615,6.370717887173617,4.562064815487319,3.5724876139950315,0,0,Médio
6.861640940021205,7.243153173305774,3.6333288243446002,4.77106353031889,0,0,Médio
5.11228979988127,4.282230310180888,9.482568267613317,0.5670712740315575,1,0,Mal
6.118592979584399,6.846808860507591,6.787016332134589,2.58134584594945,1,0,Médio
9.693827410658134,9.270506883924716,7.304903800479999,0.6503360156006699,1,0,Médio
6.415608338320437,5.977436403687009,0.531707540680042,3.852176720010384,0,0,Mal
9.836828266444154,11.07308976030111,7.731654583992026,9.628119159813464,1,1,Bem
9.584123272009773,11.1924249368186,2.000731539064484,6.253611176118682,0,1,Bem
5.681211466082247,5.796644644048954,7.9787263588342086,0.9621366625688499,1,0,Mal
8.09067221311828,8.096327772041443,2.3452491758000624,8.352821076425295,0,1,Bem
9.455543499226167,8.921317174791016,0.1405352465559162,5.513311957344948,0,0,Mal
9.54632189649395,9.82225414497397,0.15507494933645116,1.4779194841345322,0,0,Mal
5.125012779059516,4.3566943377513185,3.604713998106864,0.7194297122436988,0,0,Mal
7.452263223906511,7.940289867648399,1.711546698823203,4.8056233600515705,0,0,Médio
8.256448530844885,9.421893621512687,3.1459681230573833,6.13907838106221,0,1,Bem
9.278544432530484,9.528001343425572,9.254638275251764,6.461231507316127,1,1,Bem
9.475382846845513,10.01875569770533,6.584808888890445,0.7536285344758731,1,0,Bem
6.237094063365346,5.683031087123002,3.802997389989544,7.255669452069955,0,1,Médio
9.522149606998934,8.86993850868399,8.786132421027052,1.918386808289484,1,0,Bem
7.7967159961648616,8.76475033627955,8.667269370052853,6.023696418791344,1,1,Bem
7.581842285868682,8.889589022186279,5.20760191652434,3.1852536585089517,0,0,Bem
5.739588341168011,5.7334481735564236,2.1449138216634047,7.950583541659437,0,1,Mal
5.6742332900449455,4.92386311392321,2.692077255142862,7.401223235143729,0,1,Mal
9.057546834362729,8.843492905688196,9.313783157368333,7.832191070345892,1,1,Bem
5.978570097334275,5.078229492443533,3.5747572022826946,0.3408807021658955,0,0,Mal
6.126290999041224,5.568330877489026,6.139459913585875,0.6562322163881062,1,0,Médio
6.444018589916046,6.0122436947496976,8.278888678509901,0.7139611400583945,1,0,Médio
5.9457533679953976,6.749818746586723,3.9269686563435524,7.512145390760167,0,1,Mal
9.853416085015976,11.023005493719662,4.042895384987306,3.4698146360886026,0,0,Bem
9.874312606551374,10.240585178499227,0.1100859268097687,5.922686600900748,0,0,Mal
9.99983833981791,9.658139072132983,3.4354130384428894,1.8393444291518168,0,0,Bem
6.414663252880611,7.112170166250058,5.359133425644378,2.7764678397388574,0,0,Médio
9.511925319593747,7.964475006977368,6.27655787959874,4.87800152551393,1,0,Bem
9.133223033455408,10.03420253157669,8.304962232523552,5.080068330513457,1,0,Bem
5.879610313185293,6.415529309449239,0.7546573870339646,4.453980391949032,0,0,Mal
8.838160205964277,7.5967158158388655,8.928307647399281,8.624477338392875,1,1,Bem
5.515666224129083,4.985300685718525,8.41954701194205,9.610479165701317,1,1,Mal
5.94199531852893,5.9143906217395985,5.576942700068178,5.9863248777045435,0,0,Mal
8.96028863962624,9.165078655144205,1.5800704591875803,7.144149843294532,0,1,Bem
5.250753023268901,5.256474574893958,4.718029703813941,6.4033172676265115,0,1,Mal
7.186105776533181,6.989540860674484,4.715716904279102,0.7931080576643945,0,0,Médio
8.045254600052633,9.557555931287645,3.5790624100177637,8.979973250890028,0,1,Bem
5.742271413578054,6.064996076374067,7.769406025630557,8.00385439903273,1,1,Mal
9.631144157519767,10.378320508873228,9.904790417438408,3.8739807017507353,1,0,Bem
8.24678067076961,8.0209253516586,9.366542510537366,0.46664046410763826,1,0,Mal
9.501110077846759,11.141824958743971,1.3645306405543534,0.479156194619379,0,0,Mal
8.530958717975775,9.322837348509509,6.55411805047502,3.166082364348709,1,0,Bem
9.530396112341617,8.126248116651661,4.580685895089021,1.6456730184655788,0,0,Bem
7.452827116741132,6.663774649049954,5.226468634124836,9.60206235560189,0,1,Médio
6.297652450666832,6.164908628411881,8.207917859065075,8.72517603663934,1,1,Médio
5.563257010934474,5.871876069201019,5.175668340584427,3.753715937383233,0,0,Mal
7.561569452348143,7.233435903041294,4.512363651491665,5.851739708449578,0,0,Bem
8.786077922279492,7.767835862317224,6.064104014244348,5.770869630434254,1,0,Bem
5.096251168647309,5.099364523443462,7.953269715536026,3.2989487052434,1,0,Mal
7.108014613214605,8.490740835431788,5.7101134331284955,2.3556146840318504,0,0,Médio
7.653974569879909,6.188632494556738,3.721837104931752,7.142949938038933,0,1,Bem
6.271921072419575,5.246356791029447,2.9056887670274323,5.900278185544051,0,0,Médio
5.778680305894009,6.112485401613185,7.357187053803285,8.123893243572986,1,1,Mal
9.781288584041949,10.166090419244645,5.000522440641104,4.152219968812561,0,0,Bem
8.31706833499654,7.486880774936779,7.976961588550912,8.626808928577223,1,1,Bem
9.654523795127876,10.072227079933239,1.540567821656873,4.674570167227937,0,0,Bem
7.106500105568522,7.720484245962111,6.476188901470177,5.418974106460018,1,0,Médio
6.213554774508297,6.112510896586453,1.2252383708782333,5.261190518925357,0,0,Médio
5.396614216427905,5.433188253135209,0.9010435453301979,9.17660420279901,0,1,Mal
9.114472776600698,10.571384953502408,4.372269403198727,3.9826004727874,0,0,Bem
8.051632242819482,8.340146212496167,4.915796578413544,0.6245461441225875,0,0,Médio
9.150653993199555,10.31200435593663,1.829829968571356,7.40308237177527,0,1,Bem
6.44768941130869,6.191426088336107,0.9352403310086843,8.661727908803527,0,1,Médio
7.101276665971342,6.490264102950794,8.185320545791408,1.8079993277450546,1,0,Médio
6.002192790477912,5.649892686744799,8.703709846282756,1.4919367568457487,1,0,Médio
6.145333716826514,6.619517536848832,4.335673937048004,0.7191819131634691,0,0,Médio
7.07468426045526,6.405331568993511,3.0383849911197913,7.023184675531192,0,1,Médio
5.349932032218102,4.7913864693005355,2.039031434316266,2.698772112781512,0,0,Mal
6.965583757329101,5.613243320643726,6.607281462450847,8.054567995000516,1,1,Médio
9.272238324931534,9.140750191961759,6.301922294968069,6.022557614538631,1,1,Bem
8.405390059458654,7.896319744499418,7.9406911154564135,9.825658052631958,1,1,Bem
8.989304244812839,8.523956473845185,0.3597675305907855,0.29503530332076755,0,0,Mal
6.861143737165456,7.158699149769362,2.148747424941998,8.743177444770213,0,1,Médio
9.206813080188052,9.947433867989414,5.380835566727242,6.708992409120677,0,1,Bem
8.254535774260686,7.1494985515106,0.8715188926187956,3.063474049376432,0,0,Bem
5.218962015565312,5.8993755532547185,0.21197911300741445,0.23409456627679237,0,0,Mal
9.506112918498857,8.3210375898357,6.844874360080134,1.04856947913478,1,0,Bem
7.462520808390169,8.732411681016373,5.057521877700344,7.757659785291249,0,1,Médio
9.753615564874206,9.349534614445764,6.680275646428221,5.222298306374711,1,0,Bem
7.147973846729955,7.0657650379325085,8.239375416422714,3.976200084946445,1,0,Médio
6.041826754482781,7.0818642301687715,3.852631697682968,7.050473117038971,0,1,Médio
9.057897125702784,8.810731916131752,2.3678151321591248,1.362233137556429,0,0,Bem
5.577015045304899,5.459730491674944,5.079846615340138,5.525805561796252,0,0,Mal
8.66998590888194,6.966997376793112,7.760956104022913,2.791407781570193,1,0,Bem
6.438649596847215,7.606082200648301,1.557921352399646,8.936276045007151,0,1,Médio
9.127956771161124,8.736885072882659,2.842419070176978,3.1464761347582892,0,0,Bem
6.267921193651677,5.422558126377172,8.373695395175172,1.558681891352639,1,0,Médio
5.967578680968388,5.409697109520488,3.5993586944732012,5.416811282144699,0,0,Mal
5.387098356927738,5.579899775566658,6.56035293780479,3.6895085996227506,1,0,Mal
5.365159489826273,4.602956681065272,0.24057855326443667,4.543500297816872,0,0,Mal
6.417547963933847,5.416827726501317,2.094569298546652,1.2827330318993224,0,0,Médio
5.831392480526897,4.772567123858547,0.32641848571681176,9.77170189471028,0,1,Mal
5.453931003092735,6.332541471234727,4.546231643234803,6.813743979477371,0,1,Mal
5.619734688229105,5.899032852057042,1.7672463523477944,4.336196162725148,0,0,Mal
7.578983106224541,6.113166094132719,1.7658872958492733,7.030224842414315,0,1,Bem
9.169691297220492,10.206637924659415,0.7902548024608702,2.726104924256989,0,0,Bem
9.410357650903038,10.874447540883892,5.365655825044947,3.148584986525307,0,0,Bem
6.0637238297074685,5.713333071368114,4.640345849393254,5.120293614957334,0,0,Médio
9.35725600786741,10.657243636898382,2.570221346042021,9.676377774052224,0,1,Bem
9.685324116937238,10.417522950547042,6.317014109774122,5.76565345093483,1,0,Bem
7.8359495662155165,7.9727507955912955,3.7169552199619282,1.1079988510666061,0,0,Bem
5.6789985736659165,5.126096624565911,2.965240055472883,6.90743565838318,0,1,Mal
9.495402683282077,9.634821452257237,1.9893431601576206,8.484345542413806,0,1,Bem
7.089972678070199,6.83562137331536,6.268547504323745,3.2172198745271263,1,0,Médio
6.182254622026701,6.430943324393372,5.5756479905974485,8.518886408759435,0,1,Médio
9.817935973568403,9.616614426467194,1.3002105548123988,2.332975315807324,0,0,Bem
5.81481047453313,6.253648922800273,5.074228594504964,9.231251923064312,0,1,Mal
7.641162459224174,7.573560177427807,2.2662139455306853,4.929501848310358,0,0,Bem
5.479592222616329,4.965227955040311,2.625713010585132,9.677635495426419,0,1,Mal
8.95081715484283,8.432958899896486,4.269733758970851,7.535048426269678,0,1,Bem
6.547167293311482,7.679648818536423,6.304845747511484,8.787911079246046,1,1,Médio
5.902066833362978,5.2897200188962925,5.208411772204685,0.609610968322124,0,0,Mal
9.015519736671546,8.490922046898937,8.005985799392421,2.269021042670648,1,0,Bem
7.966842656843921,9.447442053519678,9.667289774031438,3.6534289029752776,1,0,Bem
7.358568043285673,7.829891319476516,0.28619270572529554,2.0832953041597815,0,0,Mal
9.324314584978412,9.483724865037814,5.060326151426723,6.724793207085753,0,1,Bem
5.568036342593189,5.20273740634884,8.104199503177682,9.357909120688515,1,1,Mal
8.52871268678796,6.8563604511395,8.297271063086015,5.008004938332553,1,0,Bem
6.069708330905419,6.765583651007501,6.363768409834682,7.095975415420694,1,1,Médio
7.457735446719679,6.07006665759189,4.925549451978225,1.7690785137453668,0,0,Médio
5.7435070450689505,4.888557182380184,8.907945462839118,5.90055860625041,1,0,Mal
9.197522720820569,10.158565966869972,3.7907977046587726,8.388783154804102,0,1,Bem
8.02078436485291,8.014101437230433,7.0317790472049655,1.199742923090068,1,0,Bem
5.061291219677652,4.4542815598861045,5.517162029085063,0.8638071879042397,0,0,Mal
9.566536302415146,9.111739891116168,0.9717961566892896,5.069898740838835,0,0,Bem
9.931100215291275,11.288387432963924,2.9043142948756473,3.4914138807271042,0,0,Bem
8.142816371810884,8.416606725026584,5.403322474951509,6.416962333474478,0,1,Bem
6.321375824685053,7.444067093175607,6.736862608504205,9.022814951617864,1,1,Médio
9.314873283569337,10.140324229280628,5.491964612412938,4.145332307363427,0,0,Bem
5.986129040658789,5.92289694830951,5.7474840998728975,9.24944724771549,0,1,Mal
7.402447823943265,6.4119192016479545,6.0059088819177955,6.764934788523868,1,1,Médio
6.872190047790078,6.2788784696478075,3.0976277597130206,2.035494493172666,0,0,Médio
5.022089412065756,4.046334163265271,7.668247900399296,4.924375031773073,1,0,Mal
9.853586477996366,9.419298417240695,2.9102897616197607,3.8509631814819265,0,0,Bem
5.895651388803124,5.678881045786905,7.873633723916175,1.1275839303861168,1,0,Mal
8.008448390573422,8.877778654096671,0.6062081264451713,6.913554924026481,0,1,Médio
6.134550161659343,6.633490591266871,6.746731339533224,1.8432756741306888,1,0,Médio
5.600319606624217,5.331709804132346,8.587159225703214,2.7388022568484107,1,0,Mal
7.011877711800342,7.7958808444022845,6.534497883338306,8.374849597534299,1,1,Médio
8.757047830432906,8.537067571686785,8.050335655175054,9.937494880927241,1,1,Bem
9.71023215413824,8.62097546968789,9.271737900853413,8.298950574754215,1,1,Bem
7.609651720072078,7.642971752979453,5.702852136449526,8.287539269043098,0,1,Bem
8.993181419495368,9.054086463763555,5.92174700789392,1.5099489831572799,0,0,Bem
8.0600271662469,7.257456992092617,0.11922229492343006,2.750389357107723,0,0,Mal
7.536706431365282,6.467875441806927,7.811973017305881,0.06413866537120394,1,0,Mal
5.103689700682087,4.404134801186727,6.63417032703224,9.581463149426526,1,1,Mal
7.612839914342837,7.405959583515614,0.05685627729410281,9.258174563294755,0,1,Mal
5.894466668732025,5.9514791362487,6.436229351957455,3.0507712389666706,1,0,Mal
8.199651198653237,9.626980097524516,9.789025211261482,4.325378795846485,1,0,Bem
6.9494030894789685,7.27763091709997,6.586207676897785,4.02523412462966,1,0,Médio
7.344965155397293,8.6718225658908,3.4532533991636747,1.6127615907082926,0,0,Médio
6.819461843263861,5.463549811599454,4.591021344078491,6.888442727342365,0,1,Médio
6.639769480047532,6.654936652123339,2.228821018577416,5.178758111631595,0,0,Médio
8.088093831043329,7.500806820744552,9.803392539266783,2.8335104529146413,1,0,Bem
6.055968759040321,6.429048062125187,4.36184032491494,3.395476888654103,0,0,Médio
5.139100285146912,5.315567262401426,8.923954060786228,5.174860609635572,1,0,Mal
9.92258808728785,11.76447278605512,3.103900908021261,9.218064076983438,0,1,Bem
7.394744888480862,6.9725282015382755,5.575984601513554,1.4404490281108895,0,0,Médio
7.43741347436082,7.970082264715521,4.522617053518263,6.6236797002143755,0,1,Médio
7.7027239638337,6.417426192219868,9.756433486830026,4.210938375045084,1,0,Bem
6.439264788871496,7.19984630898609,6.654344786530722,9.846746094040261,1,1,Médio
7.9302457104438915,8.966432824626102,2.618668130747881,2.6173258389022025,0,0,Bem
7.121232071313854,6.982602581063419,0.023060556759236794,0.1022101751489124,0,0,Mal
8.302281977663934,9.82590487394943,4.120619073405766,4.652499861007207,0,0,Bem
6.668701811851701,7.502591324988389,2.1216429932715766,8.009324712723403,0,1,Médio
8.51545756646522,7.7105839867511845,0.628694240151525,7.455844479015031,0,1,Médio
8.453231475622037,9.466562272848016,9.395483805029675,6.56127533388704,1,1,Bem
7.402292818186545,8.87763477076939,9.056547315298044,8.001742402189615,1,1,Médio
5.0814585623154995,5.268342978500177,9.191271332813631,8.189267771776644,1,1,Mal
9.545703966684252,9.447951848189462,9.882993878800637,2.2499471576068872,1,0,Bem
8.870685131805175,10.104392674970875,0.7714422875471283,0.7726350587471409,0,0,Bem
9.241564942528953,10.851947416023657,9.820954805862264,5.169668957540189,1,0,Bem
7.257906480324243,6.110965470807253,0.04076912899487084,8.789484203414817,0,1,Mal
5.154891036269081,5.498256419201532,8.52330141773171,5.042411077555026,1,0,Mal
8.285635137445183,7.271114535797832,9.44951937877659,0.26702212363431843,1,0,Mal
7.361895768614316,6.479694578246581,6.426129121816345,6.205985900340912,1,1,Médio
7.065343976541536,7.523666395771936,9.693158376019941,5.75334656021167,1,0,Médio
7.081744673835727,8.304418812811317,2.250510160108857,3.0386424870407405,0,0,Médio
6.133417806391171,5.0908805242215855,2.243884297554828,9.738047542604516,0,1,Médio
5.352137368701866,4.408371372913268,7.753646822707588,0.16442793139482603,1,0,Mal
6.277062567598524,6.665552549703606,0.9979922479328895,3.171022635346239,0,0,Médio
8.48384812350594,7.7786188325447085,7.8917902243711255,4.7621918562548595,1,0,Bem
7.333613372167996,7.7319345966380775,9.308854821253243,5.358074831877955,1,0,Médio
7.152032858556195,6.4291958720776945,3.3943459523319754,1.6367101107225857,0,0,Médio
9.714501312685295,10.398018930553347,0.8285854623839961,3.663990230261293,0,0,Bem
5.107877725274379,6.083812046688872,7.18948610390424,4.95815813972807,1,0,Mal
9.84536361467287,8.653678503582217,3.1052503584464963,3.4218578875275965,0,0,Bem
5.201263873896672,4.327654121054587,0.7631874696351826,0.8237283578822785,0,0,Mal
9.809103369066799,11.732808935757067,9.3817571044327,2.7627410298172905,1,0,Bem
9.946383768976805,11.216343019701208,2.16631032808979,0.561684578144882,0,0,Mal
9.200322066783189,8.86847524708482,1.7888040206455469,9.324994632224138,0,1,Bem
5.304383939541017,4.457075084794711,5.367430774944724,9.116658176800586,0,1,Mal
8.48482047976484,7.539996600039705,4.039907520499046,6.831618612392214,0,1,Bem
8.95575164912448,10.332871604776459,7.194513798810396,5.381508619889399,1,0,Bem
8.363459732181168,7.180390138548173,7.621743606070821,4.093250049097376,1,0,Bem
6.2024579778700515,5.980863305158473,9.944598935013836,1.429348846623406,1,0,Médio
7.764083874170312,6.869996089679583,6.540521044457916,4.032426357021145,1,0,Bem
7.015941811195695,8.01995226085822,7.090648233241322,8.635563017705975,1,1,Médio
7.812815240604436,7.985301411269197,5.137726935780397,4.640916702610777,0,0,Bem
6.792102811957177,6.944961958839122,4.3829306331117905,3.635791565255333,0,0,Médio
9.812453388594083,8.137765953142988,3.052320656063736,7.085500571252929,0,1,Bem
6.548220009615955,7.841928836713996,0.9750228501241742,1.0030168375210413,0,0,Médio
8.409797415972138,6.8810863029269,4.674932450187459,8.286028699767494,0,1,Bem
6.708941828610325,7.297294726764827,8.560404326855966,5.753536627017883,1,0,Médio
6.491641851305524,6.022037568151856,6.333134159291118,2.6156586375822,1,0,Médio
5.428930380830158,6.429209851462808,6.2788205887462265,6.713407642153637,1,1,Mal
5.812133557209289,5.329114384503801,9.52782253002595,9.395960617480679,1,1,Mal
5.342695460381803,4.5671944459866625,2.139409717838734,2.1290895849357625,0,0,Mal
9.306054479853607,7.924723121331171,6.968996798117994,6.309584063824685,1,1,Bem
5.261906291299539,6.100046174034964,1.4477242232583365,6.164274180699666,0,1,Mal
8.764999971449852,7.943056106973202,7.2781821059396465,1.056164442747729,1,0,Bem
9.009735078229024,10.392141054940005,8.020472393160498,0.09029800128566579,1,0,Mal
8.670361205011837,7.246762073875601,3.190041668611335,8.09582862065115,0,1,Bem
9.440749530703979,10.32080010272248,6.063861218186263,5.71421497438238,1,0,Bem
9.287311861794457,10.656736642672282,1.7029919979547514,7.337048225807072,0,1,Bem
8.39062603752132,9.6296458250748,5.2304059827201055,8.700686204637819,0,1,Bem
5.356308083046308,6.049863307708249,3.4496359110649752,5.516002999739835,0,0,Mal
7.814696606305019,7.256080441401222,2.9658594892097323,6.098579248305138,0,1,Bem
6.632745459625239,5.5645696807575025,0.09792472792239049,8.723277448580674,0,1,Mal
9.110041944759542,10.0564717389252,9.604208196039103,1.8979148837812787,1,0,Bem
6.349992199949592,7.083288325437593,4.246654414366758,4.639680202501999,0,0,Médio
6.621408511435796,7.1670612269835505,3.8550161487588577,9.630400000474797,0,1,Médio
6.599926472553305,7.493294983887423,6.207181812168919,3.660169172826536,1,0,Médio
9.009817522767136,7.548105394111246,5.578892788924713,4.220204235422942,0,0,Bem
9.114210781955267,10.576617629941042,5.526998194795328,3.7890751536492493,0,0,Bem
7.954054510235322,7.896571663877476,4.106931818070546,1.023962341462148,0,0,Bem
8.792913066265434,10.258682633093033,4.486373672017427,6.802822887046491,0,1,Bem
8.567453266544332,6.877895642845278,8.049113975098836,3.1168905660267585,1,0,Bem
6.173657768394831,5.915867773459235,3.97054824803426,7.286166448586593,0,1,Médio
7.929883980301026,9.438060750297087,8.213997651656246,4.310238130114276,1,0,Bem
7.114659990448473,6.548758366774988,2.9975521267487237,3.708575065766422,0,0,Médio
6.291763952800767,7.213433910862768,3.0947668145344496,5.8902097534891045,0,0,Médio
9.261274031382218,7.728781878352116,6.892599040258322,9.572558631835157,1,1,Bem
5.326628550596709,5.620617378351672,1.591329235749016,2.946537567074834,0,0,Mal
8.423417685147228,8.609437573519045,5.555976756459867,3.960274105153472,0,0,Bem
8.300990713163136,8.50626371667169,0.7166153741735959,0.7621288632421352,0,0,Bem
6.63610784552334,7.850454516698091,0.696033416108992,3.4572018666129187,0,0,Médio
6.91562047888894,7.289099542017295,5.452424932391495,9.652446921263182,0,1,Médio
9.075196525378177,8.677039227857774,0.9049616617425638,0.11344939204920079,0,0,Mal
5.4493029955603784,4.702470348908418,0.419309206092251,2.6359198059355404,0,0,Mal
6.823986528713295,5.71833344965188,9.39709639239179,4.358476473023119,1,0,Médio
7.157378284920654,5.743273145053714,3.171184525458577,7.248611754534057,0,1,Médio
8.415189004486042,8.962548405340911,6.376117421339461,3.482159238219772,1,0,Bem
6.637153593007572,7.191847643468473,7.800061282529245,4.784431553928306,1,0,Médio
5.046130980009314,5.605107701504959,1.0553884333712182,3.3031944661959214,0,0,Mal
6.25349053063848,5.397268558349365,1.8621279744733155,8.770586974356721,0,1,Médio
7.473077364847229,7.928657409671778,2.820324480582208,8.629466257440713,0,1,Médio
9.886035488448538,8.4606867339425,4.725961657178584,8.208518311785332,0,1,Bem
8.40700812638855,7.802794696470067,5.337872991207609,8.632681556665542,0,1,Bem
9.038921417083843,8.49358554849747,2.878468516468317,9.512226480549469,0,1,Bem
5.487315413758788,6.498131273733596,0.8379635366194393,3.597655287241981,0,0,Mal
9.157549788728,9.000998578806989,6.147765866006468,4.889237309985771,1,0,Bem
6.731211690475284,5.878322430866689,4.985318666582232,8.976552614061031,0,1,Médio
7.558291874207255,7.717132508501392,9.899809902186421,8.333394163240653,1,1,Bem
5.576685976479343,5.706277240723744,7.027150682013112,4.0218704110804415,1,0,Mal
9.25625211120694,7.8213905705152165,0.04175395179231489,8.075459017861856,0,1,Mal
8.829029486737044,9.217738674718039,0.21652733366712695,8.470175759781071,0,1,Mal
9.740903097375256,10.836222514606005,5.501351668492498,1.7374862974007432,0,0,Bem
7.17253694235124,7.9904966119389105,7.01200018941857,7.565249251453048,1,1,Médio
5.684412635197513,5.212256009037772,9.678654597399095,2.137861289007763,1,0,Mal
9.805329722299053,11.625951863487751,8.299455618917847,8.195520299601329,1,1,Bem
8.3281269828873,9.27381816106653,6.221787155488828,6.853426142210716,1,1,Bem
9.4910657422205,8.420339874367528,7.6728959549695155,5.451134144982728,1,0,Bem
5.349852585333804,5.388180623814222,9.591929370422053,1.3510754945067316,1,0,Mal
8.545826064336781,9.367593947097246,8.508636363346179,1.6905196038016956,1,0,Bem
8.809441475143919,7.759326763995418,7.29755843879344,2.4942676982827026,1,0,Bem
8.150228616993413,8.599983018444172,2.698259315766225,5.313040081620825,0,0,Bem
5.914765585689815,5.477409320817586,1.359119436680789,8.696693712153952,0,1,Mal
6.435991227087454,5.636336400318553,9.608556485850889,4.990499245110697,1,0,Médio
5.228906597562602,5.9084218329358835,1.537362106462986,7.951145493825472,0,1,Mal
9.380265644237223,9.606458802558324,7.279141856655152,6.666853212168245,1,1,Bem
6.362290662745041,5.343438583115607,9.563594301534712,2.747027362739539,1,0,Médio
7.741644632747361,7.107129699194229,4.739039060139893,7.491025956968826,0,1,Bem
7.794188459165612,6.724091487567141,9.194997559651204,2.515242379661331,1,0,Bem
6.866345842998975,5.554150481547382,6.026923872472741,1.560240604057349,1,0,Médio
5.105729015645643,4.871832006868226,5.138626497530817,4.231339543355153,0,0,Mal
7.949077816987593,8.009645843264147,4.121436417426308,3.1372489840118933,0,0,Bem
7.499335931655491,6.300400830468198,4.712301649023551,9.6751962818193,0,1,Médio
6.597753349529272,6.515221109905646,5.873542563739759,6.4480834946334875,0,1,Médio
5.02698878063389,5.85735256229512,7.4311218056265425,6.758526435554709,1,1,Mal
8.16205468492823,7.6973696416058255,8.290806144722211,3.840441753422925,1,0,Bem
9.350097206976681,8.756282682139055,4.606645790057127,2.2158538765048763,0,0,Bem
5.169420348991591,6.140088955068252,1.7730328856276367,8.233710018804208,0,1,Mal
7.671514470441884,7.294454156728557,1.5292910875335064,8.122695062386207,0,1,Bem
7.313424409659553,6.332593616682139,7.991595743246509,7.857772483819144,1,1,Médio
6.990911859656146,6.100109322758151,9.520805671573516,9.890778088551542,1,1,Médio
6.87832001963194,6.438207939373994,2.1092391775755006,4.534729038091006,0,0,Médio
7.710329216605887,7.22030758460876,8.903412306555325,0.035149326287643445,1,0,Mal
9.669160753073399,10.222840291747255,4.669984513463756,0.3353212480109258,0,0,Mal
9.724576725847141,9.286408373030946,7.7285983561305835,3.2369347469134526,1,0,Bem
6.188489812127889,5.087936059962737,2.5909352045044076,1.780531275206153,0,0,Médio
8.787788773215626,8.157283030939091,1.0066045493047082,4.6816758440134905,0,0,Bem
9.69361979527641,11.393906682778574,8.201109309613297,7.914425676034965,1,1,Bem
7.26747713607655,6.85701707002628,8.609250749075294,6.39110408792015,1,1,Médio
7.084586944276246,6.042286729132809,2.390171552253002,9.400999620789248,0,1,Médio
8.432004569652754,9.757837483493562,5.008106512889718,5.104995457251423,0,0,Bem
7.88418886404091,9.143704800439034,9.210225060467337,0.21625782288284157,1,0,Mal
7.61595573511972,7.237324041513765,9.335707426906094,7.413210906503053,1,1,Bem
7.45678187680649,7.497571638045215,2.2202654171806415,4.525327351390626,0,0,Médio
8.064182019258032,8.614794313793233,5.961299134358801,3.3543796102777446,0,0,Bem
9.100646751178772,9.779860357951621,6.747143906789047,6.694779036426823,1,1,Bem
8.829257509609516,8.356144039499656,8.97212232436461,3.309850553223048,1,0,Bem
9.26996103280121,8.033740422587169,5.847510253467184,7.042843495331129,0,1,Bem
5.130264281857664,4.1615524748796995,7.660985127400732,9.808913556667104,1,1,Mal
5.619193835350792,4.871876593956758,2.47091450990353,7.2131955561901915,0,1,Mal
9.799695866288339,10.788117378935597,9.687163017069938,7.680197354057215,1,1,Bem
6.320622640058543,5.940991960587712,9.084105157763524,1.0251856653647728,1,0,Médio
6.417524646613893,5.515993189403158,6.1167255717768585,4.180024861286408,1,0,Médio
8.600211135183418,8.473031377930287,2.0783751946280815,5.620947122986772,0,0,Bem
7.4033404915553644,7.763890566371829,8.931498082998454,9.359627711280824,1,1,Médio
5.407029848207536,4.40640344147528,2.5066815892512606,4.619196825290272,0,0,Mal
5.420609610279767,5.036863193038357,9.037089723414914,3.021389927118495,1,0,Mal
5.082126662792678,5.722418137551628,7.6780455311884435,6.759621664738166,1,1,Mal
5.788116866537437,5.354294808787328,0.25123031599230683,7.334375452380027,0,1,Mal
6.011477177770206,6.681826038248173,6.0037319306734,2.6328246746998096,1,0,Médio
6.794101008923095,6.646660860774759,3.9101667342102653,2.054742594758231,0,0,Médio
7.812817875318788,7.986935241981585,5.529405762866157,9.970647384299019,0,1,Bem
9.176674438375532,8.443725946582763,9.101872189567164,8.963412732909768,1,1,Bem
8.035577521234405,9.436749044668897,5.555270815390546,0.8746370606588583,0,0,Bem
7.50707806745368,8.714782837114146,8.037680208410807,9.573472879778272,1,1,Bem
9.813674515135654,9.5407987092238,2.48284832310135,7.220053213343204,0,1,Bem
5.730597387520443,6.579389890989269,0.08347804467690567,8.880474837788308,0,1,Mal
6.813992776326581,7.233172668591995,0.3547179353599861,2.706226565239216,0,0,Mal
6.818827139154878,6.7646947774000665,1.2919288790749905,4.53886687536574,0,0,Médio
8.892094510855877,9.8018901935791,4.222530011102805,6.749124592279303,0,1,Bem
8.658208892656877,7.75271114512014,6.982684062019667,9.266780787047695,1,1,Bem
7.790983259648408,8.96122719804637,5.178467794247862,3.409088109212978,0,0,Bem
7.941034399070134,8.88994739196928,7.7846141125012505,3.035712102837368,1,0,Bem
5.6618771445222995,6.30657685164597,4.7965000933403354,1.87797585311827,0,0,Mal
8.06749191020834,6.815926631171033,8.527293722346416,8.987141037995597,1,1,Bem
6.777209314454879,8.105724609409437,6.2244160797655095,2.1434467746489974,1,0,Médio
7.7677025214059565,7.136859153064617,8.307077569001589,4.933500855468712,1,0,Bem
9.180284474000278,7.669763834540193,5.283960799122811,6.031870022942983,0,1,Bem
5.796260611474521,5.6673430204463555,3.774254587997028,4.105950211064049,0,0,Mal
9.377458728485454,10.087505739741346,8.628306977236202,0.6650782373343367,1,0,Médio
8.782732550732485,8.557676698082725,7.150998695885086,8.633699462209467,1,1,Bem
9.798039775673383,8.562017706649735,1.456226722337266,4.3101487729373815,0,0,Bem
5.301377314655624,5.211145026952723,1.7019695637883558,1.0214542831869022,0,0,Mal
9.752647802471758,8.787984954667202,6.99795323441338,1.3621199246483973,1,0,Bem
5.823150147661218,6.3841984546295425,7.335043697144269,9.406946527875956,1,1,Mal
6.565098521989256,6.229152702183288,3.3883081076151242,6.192532347934849,0,1,Médio
5.470983250860969,5.961618268509655,6.838246635067278,0.499527062660029,1,0,Mal
8.641567038117056,10.03946819973007,4.256756538117879,3.7157497605888103,0,0,Bem
5.231653482556615,4.8408091903947845,6.469582876946652,1.1120536843128614,1,0,Mal
9.569013331616711,8.075169071760046,4.152267727706988,5.0416144794262525,0,0,Bem
5.027173018940399,4.231087693393373,1.2548250569185782,8.738869374364768,0,1,Mal
9.552875943227223,7.6719616805690665,9.08642573655656,5.19609057674277,1,0,Bem
8.881108568287944,7.406054222331745,7.400248535241961,4.820106901632193,1,0,Bem
9.9540066357468,8.801039677102503,0.976535617074018,2.598393606447862,0,0,Bem
6.159964425646889,6.973098813964281,3.071412412752965,5.028177355713066,0,0,Médio
8.068814668217197,7.871341698901721,9.550962799277128,2.55249389030219,1,0,Bem
5.331251479621091,5.77187489999981,2.127587355119558,2.5074957997194467,0,0,Mal
9.883365230170241,9.543461326009897,2.039766472879138,4.938664142178571,0,0,Bem
6.841280396143534,8.07798041308104,9.381479702697387,6.495139261018784,1,1,Médio
9.493571993299199,11.264509050975091,8.941271641977632,7.346175005436136,1,1,Bem
8.11403413924979,9.18416847188352,7.10136455938287,0.7881222061048232,1,0,Bem
9.644046573847831,8.486253993748983,4.281036705646578,4.231121291787403,0,0,Bem
8.01360253052563,7.764303061436003,8.15213204827186,2.551676739605324,1,0,Bem
7.403421661789533,7.571053087226772,1.2530994079721602,7.19703316331584,0,1,Médio
5.935026448586317,7.068822831783409,0.049196578529271395,9.188963875646776,0,1,Mal
9.310144786889209,10.839680794827915,0.6588475831882912,4.370339077306076,0,0,Médio
8.13816881280268,6.910573844164261,2.7791501790063333,0.5470323952352663,0,0,Mal
9.467479068330029,11.1892410511688,8.00562605403905,6.98139781397939,1,1,Bem
5.0152957620255965,5.070961764953881,2.6807880202662906,5.7351620826827805,0,0,Mal
